Tipo de Potencia,Promedio
Activa,0.030015050452842338
Aparente,0.046818551264350534
Reactiva,0.05573566687278283
