Tipo de Potencia,Promedio
Activa,0.03886624753131987
Aparente,0.04182598684252482
Reactiva,0.0572175205174844
